frame_id,player_id,timestamp_s,x1,y1,x2,y2,cx,cy,w,h,confidence
78,1,2.567,493,301,772,609,632,455,278,307,0.87
78,2,2.567,994,207,1162,502,1078,354,168,295,0.83
78,3,2.567,879,391,1057,654,968,522,178,262,0.83
78,4,2.567,0,205,58,470,29,337,58,265,0.61
78,5,2.567,863,2,1046,163,954,82,182,160,0.33
79,1,2.6,502,307,783,618,642,462,281,311,0.85
79,2,2.6,1003,206,1170,499,1087,353,166,293,0.84
79,3,2.6,886,390,1066,654,976,522,180,263,0.84
79,4,2.6,26,204,84,464,55,334,58,260,0.84
80,1,2.633,497,311,775,620,636,465,277,309,0.81
80,2,2.633,1026,202,1192,493,1109,347,165,291,0.81
80,3,2.633,897,387,1078,650,987,518,180,262,0.86
80,4,2.633,53,204,113,463,83,333,59,258,0.85
80,6,2.633,928,1,1111,177,1020,89,182,175,0.62
81,1,2.667,504,312,773,615,638,463,268,302,0.86
81,2,2.667,1049,190,1217,485,1133,338,168,294,0.85
81,3,2.667,919,385,1099,644,1009,515,180,258,0.86
81,4,2.667,93,216,155,473,124,344,62,256,0.87
81,6,2.667,949,1,1134,178,1041,90,184,177,0.84
82,1,2.7,508,313,771,613,639,463,263,300,0.86
82,2,2.7,1055,187,1225,483,1140,335,170,296,0.85
82,3,2.7,924,385,1106,643,1015,514,181,257,0.86
82,4,2.7,102,220,169,476,136,348,66,256,0.87
82,6,2.7,955,1,1141,179,1048,90,186,177,0.83
83,1,2.733,527,312,787,611,657,462,259,299,0.86
83,2,2.733,1076,185,1242,469,1159,327,166,283,0.85
83,3,2.733,919,384,1103,641,1011,513,184,257,0.86
83,4,2.733,135,229,207,485,171,357,71,256,0.83
83,6,2.733,988,0,1175,177,1081,89,187,176,0.82
84,1,2.767,544,310,800,609,672,459,255,298,0.86
84,2,2.767,1089,178,1247,442,1168,310,158,263,0.85
84,3,2.767,909,381,1092,635,1001,508,182,254,0.77
84,4,2.767,168,228,246,492,207,360,77,264,0.84
84,6,2.767,1022,0,1213,179,1117,90,191,179,0.86
85,1,2.8,544,309,802,613,673,461,258,304,0.88
85,2,2.8,1090,175,1252,438,1171,307,161,262,0.84
85,3,2.8,878,377,1059,628,969,503,180,251,0.82
85,4,2.8,195,233,276,493,236,363,80,260,0.86
85,6,2.8,1044,0,1247,190,1145,95,203,189,0.89
86,1,2.833,548,304,810,619,679,462,262,314,0.86
86,2,2.833,1088,172,1248,432,1168,302,159,259,0.74
86,3,2.833,869,371,1052,622,960,497,182,251,0.86
86,4,2.833,222,236,304,491,263,364,81,255,0.85
86,6,2.833,1060,1,1269,198,1165,99,209,197,0.84
87,1,2.867,554,300,812,617,683,458,257,317,0.84
87,2,2.867,1082,171,1239,427,1161,299,157,255,0.82
87,3,2.867,864,367,1052,621,958,494,187,253,0.88
87,4,2.867,255,238,338,487,296,362,83,248,0.83
87,6,2.867,1070,0,1279,202,1175,101,209,201,0.82
88,1,2.9,558,298,810,616,684,457,251,318,0.84
88,2,2.9,1079,171,1235,426,1157,298,155,255,0.82
88,3,2.9,861,366,1053,620,957,493,191,253,0.88
88,4,2.9,264,238,351,485,307,361,87,246,0.83
88,6,2.9,1074,0,1280,203,1177,102,205,202,0.82
89,1,2.933,554,297,791,608,673,453,237,310,0.84
89,2,2.933,1068,168,1226,424,1147,296,157,256,0.82
89,3,2.933,850,367,1047,619,949,493,197,252,0.88
89,4,2.933,288,243,380,489,334,366,91,245,0.86
89,6,2.933,1084,0,1280,203,1182,102,195,202,0.87
90,1,2.967,560,294,790,604,675,449,230,310,0.85
90,2,2.967,1063,161,1226,421,1144,291,163,259,0.84
90,3,2.967,827,365,1035,623,931,494,208,257,0.86
90,4,2.967,306,251,405,494,356,372,98,243,0.87
90,6,2.967,1091,0,1280,198,1185,99,188,198,0.88
91,1,3.0,563,291,787,598,675,444,223,306,0.85
91,2,3.0,1060,157,1227,413,1143,285,166,255,0.86
91,3,3.0,808,369,1018,624,913,497,209,255,0.86
91,4,3.0,313,256,423,504,368,380,110,248,0.86
91,6,3.0,1095,0,1280,191,1187,96,184,190,0.88
92,1,3.033,569,292,780,585,674,439,210,292,0.85
92,2,3.033,1056,150,1223,395,1139,273,166,244,0.85
92,3,3.033,784,365,995,626,890,496,211,260,0.82
92,4,3.033,325,265,448,522,387,393,123,257,0.88
92,6,3.033,1096,0,1280,198,1188,99,183,197,0.85
93,1,3.067,560,296,764,582,662,439,204,286,0.84
93,2,3.067,1045,148,1215,390,1130,269,169,241,0.84
93,3,3.067,759,363,966,625,863,494,207,261,0.84
93,4,3.067,343,273,474,528,409,400,131,255,0.85
93,6,3.067,1087,0,1280,211,1183,105,192,211,0.84
94,1,3.1,557,297,758,581,657,439,201,283,0.84
94,2,3.1,1039,148,1213,389,1126,268,173,240,0.84
94,3,3.1,752,363,954,624,853,494,202,261,0.84
94,4,3.1,346,276,486,530,416,403,139,254,0.85
94,6,3.1,1084,0,1280,216,1182,108,195,216,0.84
95,1,3.133,545,295,748,585,647,440,202,290,0.84
95,2,3.133,1027,150,1203,393,1115,271,175,243,0.82
95,3,3.133,736,360,936,624,836,492,200,264,0.85
95,4,3.133,361,281,511,538,436,410,150,257,0.86
95,6,3.133,1071,0,1280,219,1175,110,208,219,0.85
96,1,3.167,539,306,731,591,635,448,191,284,0.8
96,2,3.167,1004,155,1175,397,1090,276,170,241,0.8
96,3,3.167,718,357,920,626,819,491,202,268,0.85
96,4,3.167,376,278,539,542,458,410,163,263,0.88
96,6,3.167,1054,1,1265,227,1159,114,211,225,0.86
97,1,3.2,526,312,710,596,618,454,184,284,0.84
97,2,3.2,980,158,1149,397,1064,278,169,238,0.84
97,3,3.2,694,356,899,624,797,490,205,268,0.88
97,4,3.2,392,271,567,542,479,407,175,271,0.78
97,6,3.2,1048,4,1258,231,1153,118,209,226,0.86
97,9,3.2,615,251,657,286,636,269,41,35,0.77
98,1,3.233,526,316,707,601,616,458,181,285,0.81
98,2,3.233,965,160,1138,401,1052,280,173,240,0.86
98,3,3.233,673,355,879,618,776,486,206,263,0.86
98,4,3.233,406,258,595,545,501,402,188,287,0.86
98,6,3.233,1045,9,1254,237,1149,123,208,228,0.85
98,9,3.233,619,239,658,272,638,256,38,33,0.68
99,1,3.267,523,312,708,604,615,458,185,292,0.84
99,2,3.267,954,162,1129,396,1042,279,174,234,0.86
99,3,3.267,653,353,862,615,757,484,209,262,0.83
99,4,3.267,427,251,615,535,521,393,188,284,0.7
99,6,3.267,1037,15,1248,247,1143,131,210,232,0.87
99,9,3.267,623,225,660,257,641,241,37,32,0.66
100,1,3.3,522,311,708,605,615,458,185,293,0.84
100,2,3.3,950,163,1127,394,1038,279,177,231,0.86
100,3,3.3,645,353,857,614,751,483,212,261,0.83
100,4,3.3,435,248,623,529,529,388,187,281,0.7
100,6,3.3,1035,17,1245,251,1140,134,210,234,0.87
100,9,3.3,624,221,661,253,642,237,37,31,0.66
101,1,3.333,510,307,698,602,604,455,187,294,0.64
101,2,3.333,936,167,1117,398,1026,282,181,230,0.88
101,3,3.333,630,353,843,615,737,484,212,261,0.77
101,4,3.333,475,252,645,507,560,379,170,254,0.64
101,6,3.333,1029,25,1238,261,1133,143,208,236,0.77
101,9,3.333,625,213,663,245,644,229,38,32,0.66
102,1,3.367,497,289,693,601,595,445,196,311,0.83
102,2,3.367,918,169,1101,403,1010,286,183,234,0.84
102,3,3.367,621,353,829,614,725,484,207,260,0.79
102,6,3.367,1011,35,1210,269,1110,152,199,234,0.79
102,9,3.367,624,203,666,240,645,221,42,36,0.71
103,1,3.4,475,315,653,605,564,460,177,290,0.78
103,2,3.4,892,170,1073,407,983,289,180,236,0.83
103,3,3.4,618,352,825,617,721,484,207,264,0.81
103,6,3.4,991,49,1184,278,1087,163,192,229,0.86
103,9,3.4,624,199,668,238,646,219,44,38,0.72
103,4,3.4,527,293,699,552,613,422,171,259,0.63
104,1,3.433,459,330,624,600,541,465,164,270,0.81
104,2,3.433,869,171,1047,411,958,291,177,240,0.83
104,3,3.433,612,347,824,623,718,485,212,275,0.79
104,6,3.433,981,60,1171,287,1076,173,189,227,0.86
104,9,3.433,624,201,669,241,646,221,45,40,0.71
104,4,3.433,547,312,720,576,633,444,172,264,0.67
105,1,3.467,454,344,616,612,535,478,162,268,0.84
105,2,3.467,858,177,1033,419,946,298,174,241,0.81
105,3,3.467,601,349,816,629,709,489,215,279,0.81
105,6,3.467,976,75,1162,295,1069,185,186,220,0.87
106,1,3.5,453,348,614,616,534,482,160,268,0.84
106,2,3.5,856,179,1027,421,941,300,171,242,0.81
106,3,3.5,597,350,814,631,705,491,216,281,0.81
106,6,3.5,973,80,1159,298,1066,189,185,218,0.87
106,10,3.5,633,213,660,257,646,235,26,43,0.74
107,1,3.533,457,360,615,622,536,491,158,262,0.82
107,2,3.533,835,189,1007,429,921,309,171,240,0.84
107,3,3.533,585,353,807,639,696,496,221,285,0.69
107,6,3.533,961,95,1149,314,1055,205,187,219,0.87
107,10,3.533,631,224,659,269,645,247,28,45,0.76
108,1,3.567,443,376,605,641,524,509,161,265,0.82
108,2,3.567,810,200,983,438,896,319,172,237,0.86
108,3,3.567,535,391,742,659,638,525,206,268,0.79
108,6,3.567,947,117,1136,340,1041,229,189,222,0.84
108,10,3.567,629,241,658,286,644,263,28,45,0.75
108,4,3.567,634,361,792,604,713,482,158,242,0.56
109,1,3.6,420,392,587,662,503,527,167,269,0.72
109,2,3.6,795,214,965,450,880,332,169,235,0.85
109,3,3.6,513,414,714,675,614,544,201,261,0.78
109,6,3.6,926,137,1114,364,1020,251,187,226,0.83
109,10,3.6,629,259,657,304,643,282,27,44,0.71
109,4,3.6,646,370,802,620,724,495,156,249,0.79
110,1,3.633,411,408,587,684,499,546,175,275,0.68
110,2,3.633,781,227,948,466,864,347,166,238,0.81
110,3,3.633,489,424,693,690,591,557,203,265,0.74
110,6,3.633,905,157,1085,382,995,269,180,225,0.81
110,10,3.633,632,280,657,318,645,299,24,38,0.59
110,4,3.633,656,382,814,645,735,513,157,262,0.78
111,1,3.667,406,421,585,700,495,561,179,279,0.64
111,2,3.667,771,235,931,475,851,355,160,239,0.84
111,3,3.667,480,429,685,698,582,564,205,269,0.83
111,6,3.667,896,172,1069,393,982,283,173,221,0.85
111,10,3.667,636,298,658,331,647,314,21,33,0.64
111,4,3.667,675,393,829,665,752,529,154,271,0.81
112,1,3.7,404,425,586,707,495,566,181,281,0.64
112,2,3.7,769,238,924,478,846,358,155,239,0.84
112,3,3.7,477,431,682,702,579,566,205,270,0.83
112,6,3.7,893,177,1063,397,978,287,169,220,0.85
112,4,3.7,684,397,832,672,758,534,148,275,0.81
113,1,3.733,388,430,567,712,478,571,178,281,0.83
113,2,3.733,765,239,917,479,841,359,152,240,0.79
113,3,3.733,474,430,679,701,577,565,205,271,0.85
113,6,3.733,891,186,1056,400,973,293,165,213,0.87
113,4,3.733,705,399,850,679,778,539,145,280,0.8
113,10,3.733,642,317,662,346,652,331,19,28,0.71
114,1,3.767,369,432,540,714,455,573,171,281,0.81
114,2,3.767,762,238,912,472,837,355,150,233,0.84
114,3,3.767,477,429,676,688,577,558,198,258,0.85
114,6,3.767,885,193,1047,399,966,296,162,206,0.86
114,4,3.767,733,404,874,685,804,544,141,280,0.79
114,10,3.767,648,328,669,358,659,343,20,30,0.55
115,1,3.8,362,434,529,714,445,574,167,280,0.82
115,2,3.8,760,235,907,459,834,347,147,223,0.82
115,3,3.8,479,428,679,683,579,556,200,255,0.85
115,6,3.8,878,199,1039,399,959,299,160,200,0.8
115,4,3.8,768,413,903,688,835,550,135,274,0.78
115,10,3.8,656,341,677,371,666,356,21,30,0.58
116,1,3.833,356,435,520,711,438,573,163,275,0.85
116,2,3.833,748,234,893,455,821,345,144,221,0.82
116,3,3.833,473,428,680,692,577,560,207,263,0.83
116,6,3.833,864,203,1028,410,946,307,163,206,0.72
116,4,3.833,795,420,924,690,859,555,128,270,0.81
116,10,3.833,664,356,686,387,675,371,22,30,0.51
117,1,3.867,352,435,513,702,433,568,161,266,0.86
117,2,3.867,748,232,891,457,819,344,142,224,0.81
117,3,3.867,472,430,675,690,574,560,202,259,0.82
117,6,3.867,846,207,1008,417,927,312,161,210,0.83
117,4,3.867,826,426,950,693,888,560,123,267,0.82
118,1,3.9,349,435,512,698,431,566,162,263,0.86
118,2,3.9,749,231,889,457,819,344,140,225,0.81
118,3,3.9,473,431,673,689,573,560,200,258,0.82
118,6,3.9,841,208,1000,420,920,314,158,212,0.83
118,4,3.9,838,428,958,694,898,561,119,266,0.82
118,10,3.9,673,375,698,409,686,392,24,33,0.38
119,1,3.933,348,442,512,701,430,572,163,259,0.86
119,2,3.933,746,231,885,461,816,346,138,229,0.83
119,3,3.933,465,436,660,691,562,564,194,254,0.72
119,6,3.933,829,209,985,424,907,317,155,214,0.84
119,4,3.933,858,431,977,697,917,564,118,265,0.85
120,1,3.967,346,451,497,687,422,569,151,235,0.81
120,2,3.967,743,232,879,460,811,346,135,228,0.84
120,3,3.967,459,442,651,703,555,573,192,260,0.83
120,6,3.967,826,211,982,429,904,320,155,217,0.82
120,4,3.967,879,435,999,704,939,570,120,269,0.86
121,1,4.0,314,460,465,698,389,579,150,238,0.73
121,2,4.0,739,233,876,464,807,348,136,231,0.86
121,3,4.0,449,449,635,711,542,580,185,262,0.86
121,6,4.0,826,216,979,428,902,322,152,211,0.82
121,4,4.0,901,435,1023,712,962,573,122,276,0.85
122,1,4.033,294,472,442,710,368,591,147,238,0.84
122,2,4.033,740,235,875,465,808,350,135,229,0.84
122,3,4.033,442,454,623,717,532,586,180,262,0.84
122,6,4.033,823,223,969,420,896,321,146,196,0.79
122,4,4.033,926,437,1049,718,988,578,122,281,0.86
123,1,4.067,281,477,428,717,355,597,146,239,0.85
123,2,4.067,739,241,871,463,805,352,132,221,0.83
123,3,4.067,434,457,614,720,524,588,179,262,0.86
123,6,4.067,814,231,955,419,884,325,140,187,0.82
123,4,4.067,949,442,1070,720,1009,581,121,277,0.87
124,1,4.1,277,479,423,719,350,599,145,240,0.86
124,2,4.1,739,243,871,462,805,353,131,219,0.83
124,3,4.1,432,458,610,720,521,589,177,261,0.86
124,6,4.1,810,234,950,420,880,327,140,185,0.82
124,4,4.1,957,443,1077,720,1017,581,120,276,0.87
125,1,4.133,273,484,416,720,344,602,143,235,0.84
125,2,4.133,732,250,861,464,797,357,128,214,0.83
125,3,4.133,428,461,605,720,517,590,176,258,0.88
125,6,4.133,801,241,937,422,869,332,136,180,0.81
125,4,4.133,973,448,1091,720,1032,584,118,271,0.87
126,1,4.167,277,490,415,718,346,604,138,228,0.83
126,2,4.167,736,258,860,465,798,361,124,207,0.8
126,3,4.167,423,471,597,720,510,595,173,248,0.83
126,6,4.167,783,253,925,447,854,350,142,194,0.6
126,4,4.167,995,456,1110,720,1053,588,114,263,0.86
127,1,4.2,276,497,412,718,344,608,135,221,0.83
127,2,4.2,734,263,858,471,796,367,124,208,0.78
127,3,4.2,420,485,586,720,503,602,166,234,0.81
127,6,4.2,768,263,911,458,840,360,143,195,0.56
127,4,4.2,1021,468,1131,720,1076,594,110,251,0.88
128,1,4.233,276,508,408,718,342,613,131,210,0.83
128,3,4.233,412,495,572,720,492,607,159,224,0.8
128,6,4.233,752,265,912,479,832,372,159,214,0.84
128,4,4.233,1047,480,1153,720,1100,600,106,239,0.87
129,1,4.267,275,523,402,719,339,621,126,196,0.84
129,3,4.267,394,505,546,720,470,612,152,214,0.77
129,6,4.267,753,269,922,492,838,381,169,222,0.82
129,4,4.267,1072,501,1171,720,1121,610,99,218,0.82
130,1,4.3,275,528,401,720,338,624,126,191,0.84
130,3,4.3,388,508,537,720,463,614,149,211,0.77
130,6,4.3,753,271,928,497,840,384,175,226,0.82
130,4,4.3,1079,508,1178,720,1128,614,98,211,0.82
131,1,4.333,271,536,396,720,334,628,124,183,0.81
131,3,4.333,374,511,519,720,446,615,144,208,0.82
131,6,4.333,744,273,928,501,836,387,183,228,0.76
131,4,4.333,1096,520,1192,720,1144,620,95,199,0.79
131,2,4.333,725,270,867,498,796,384,141,228,0.38
132,1,4.367,267,543,391,720,329,631,123,176,0.82
132,3,4.367,355,515,492,719,424,617,136,203,0.83
132,4,4.367,1120,536,1211,720,1166,628,90,183,0.82
132,2,4.367,720,274,866,501,793,387,146,226,0.75
133,1,4.4,258,551,378,720,318,635,119,168,0.81
133,3,4.4,345,517,476,718,410,618,131,201,0.84
133,4,4.4,1139,546,1226,720,1183,633,87,173,0.82
133,2,4.4,720,281,866,502,793,391,145,221,0.75
134,1,4.433,253,554,371,719,312,636,117,164,0.77
134,3,4.433,338,523,464,719,401,621,126,195,0.84
134,4,4.433,1158,552,1245,720,1202,636,86,167,0.78
134,2,4.433,720,283,867,504,793,393,146,221,0.79
135,1,4.467,253,556,370,719,311,637,117,162,0.52
135,3,4.467,331,527,453,719,392,623,122,191,0.81
135,4,4.467,1174,558,1259,720,1216,639,85,161,0.8
135,2,4.467,716,283,864,507,790,395,147,224,0.85
136,1,4.5,253,556,371,719,312,638,117,162,0.52
136,3,4.5,329,528,449,719,389,624,120,190,0.81
136,4,4.5,1178,559,1264,720,1221,639,85,160,0.8
136,2,4.5,715,283,862,508,789,396,147,225,0.85
136,14,4.5,669,311,703,354,686,332,34,43,0.69
137,3,4.533,320,532,438,718,379,625,117,186,0.79
137,4,4.533,1186,562,1272,720,1229,641,86,157,0.82
137,2,4.533,714,281,865,510,789,396,150,229,0.85
138,3,4.567,294,541,410,718,352,629,115,177,0.56
138,4,4.567,1192,563,1278,720,1235,641,86,156,0.78
138,2,4.567,712,276,870,514,791,395,157,237,0.8
139,4,4.6,1199,567,1280,720,1239,643,80,152,0.78
139,2,4.6,704,270,868,517,786,393,164,246,0.8
140,4,4.633,1202,574,1280,720,1241,647,77,145,0.73
140,2,4.633,686,264,857,520,772,392,170,256,0.84
141,4,4.667,1205,577,1280,720,1242,648,74,142,0.72
141,2,4.667,680,258,853,519,766,389,172,260,0.79
142,4,4.7,1206,577,1280,719,1243,648,73,142,0.72
142,2,4.7,678,256,851,518,764,387,173,261,0.79
142,19,4.7,543,269,579,313,561,291,35,44,0.72
143,4,4.733,1210,569,1280,720,1245,644,69,150,0.64
143,2,4.733,668,253,844,517,756,385,176,264,0.83
144,4,4.767,1213,570,1280,720,1246,645,66,149,0.56
144,2,4.767,655,251,830,513,743,382,175,261,0.72
145,2,4.8,657,243,835,509,746,376,177,265,0.72
146,2,4.833,664,239,840,507,752,373,175,267,0.73
146,23,4.833,271,540,363,719,317,630,91,179,0.52
146,24,4.833,604,237,773,463,688,350,169,226,0.63
147,2,4.867,650,236,823,500,736,368,172,263,0.66
147,23,4.867,274,542,365,719,319,630,90,177,0.62
147,26,4.867,202,535,302,719,252,627,99,184,0.57
148,2,4.9,645,235,816,497,731,366,171,262,0.67
148,23,4.9,275,542,365,719,320,630,90,176,0.63
148,26,4.9,202,535,302,719,252,627,99,184,0.58
148,27,4.9,445,257,485,291,465,274,40,33,0.61
149,2,4.933,641,236,810,497,726,367,168,260,0.62
149,23,4.933,280,544,371,718,326,631,90,173,0.59
149,26,4.933,208,540,304,718,256,629,96,178,0.64
149,27,4.933,437,260,481,297,459,279,43,36,0.67
149,29,4.933,685,229,854,501,769,365,168,272,0.69
150,23,4.967,293,550,383,718,338,634,89,168,0.47
150,26,4.967,212,545,306,718,259,632,93,172,0.52
150,27,4.967,430,268,470,303,450,285,40,34,0.62
150,29,4.967,691,226,858,498,774,362,167,271,0.78
150,30,4.967,19,133,54,355,37,244,35,222,0.84
150,24,4.967,621,238,799,480,710,359,177,241,0.79
151,23,5.0,321,555,408,718,365,636,86,162,0.57
151,26,5.0,215,547,308,718,261,633,92,170,0.31
151,27,5.0,422,280,465,317,444,299,42,37,0.53
151,29,5.0,707,225,873,497,790,361,165,272,0.77
151,2,5.0,640,237,797,489,718,363,157,252,0.75
152,23,5.033,346,560,431,718,389,639,84,157,0.71
152,27,5.033,413,291,463,334,438,312,49,43,0.72
152,29,5.033,726,225,890,497,808,361,164,271,0.74
152,31,5.033,32,169,174,380,103,274,142,211,0.83
152,2,5.033,650,236,802,487,726,361,151,250,0.73
153,23,5.067,368,566,452,718,410,642,83,152,0.72
153,26,5.067,237,548,330,718,284,633,92,169,0.39
153,27,5.067,413,310,457,348,435,329,43,37,0.63
153,29,5.067,740,228,903,500,822,364,162,271,0.79
153,31,5.067,69,178,209,384,139,281,140,206,0.82
153,2,5.067,661,235,806,481,734,358,145,245,0.8
154,23,5.1,375,567,460,718,417,643,84,151,0.71
154,26,5.1,244,548,337,718,291,633,92,169,0.37
154,27,5.1,414,318,455,353,434,335,40,35,0.64
154,29,5.1,745,229,907,500,826,365,161,271,0.79
154,31,5.1,81,181,221,386,151,284,140,204,0.82
154,2,5.1,666,234,807,479,737,357,141,244,0.8
154,32,5.1,540,0,661,108,601,54,120,108,0.71
155,23,5.133,383,568,472,718,427,643,89,149,0.75
155,27,5.133,411,331,454,368,432,349,42,37,0.59
155,29,5.133,759,234,918,505,838,369,159,271,0.79
155,31,5.133,119,195,252,388,186,292,133,193,0.83
155,2,5.133,675,234,811,475,743,355,136,241,0.79
155,32,5.133,550,0,682,120,616,60,132,119,0.73
156,23,5.167,402,567,498,719,450,643,95,152,0.82
156,29,5.167,777,241,932,511,855,376,155,269,0.61
156,31,5.167,159,206,289,391,224,299,129,185,0.71
156,2,5.167,686,237,822,482,754,360,136,244,0.69
156,32,5.167,588,0,715,115,652,58,126,115,0.72
157,23,5.2,429,563,532,719,480,641,102,156,0.84
157,29,5.2,799,247,949,514,874,381,150,267,0.79
157,31,5.2,196,213,326,395,261,304,129,182,0.8
157,2,5.2,702,239,836,479,769,359,134,239,0.77
157,32,5.2,621,1,746,115,683,58,125,114,0.58
158,23,5.233,461,558,570,719,516,638,109,161,0.84
158,26,5.233,253,554,349,719,301,636,96,164,0.51
158,29,5.233,823,244,975,518,899,381,151,273,0.83
158,31,5.233,234,217,364,396,299,306,129,178,0.56
158,2,5.233,712,241,846,478,779,360,133,236,0.84
158,32,5.233,652,0,776,115,714,58,124,114,0.33
158,35,5.233,425,385,449,424,437,405,24,39,0.63
159,23,5.267,493,554,607,720,550,637,113,165,0.85
159,26,5.267,252,550,354,719,303,635,101,168,0.69
159,29,5.267,842,239,994,515,918,377,152,276,0.83
159,31,5.267,269,216,400,394,335,305,131,177,0.53
159,2,5.267,728,243,860,480,794,361,132,237,0.84
159,32,5.267,682,0,803,114,742,57,120,113,0.4
160,23,5.3,505,553,621,720,563,636,116,166,0.85
160,26,5.3,251,549,357,719,304,634,105,169,0.69
160,29,5.3,848,237,1001,514,925,375,153,277,0.83
160,31,5.3,279,216,412,393,346,305,133,177,0.53
160,2,5.3,733,243,865,481,799,362,131,237,0.84
160,32,5.3,692,0,810,113,751,57,118,112,0.36
160,37,5.3,429,364,467,411,448,387,38,46,0.44
160,38,5.3,249,215,363,397,306,306,114,181,0.43
161,23,5.333,527,548,647,720,587,634,120,171,0.85
161,26,5.333,255,546,366,719,311,632,110,173,0.78
161,29,5.333,865,233,1018,508,941,371,152,275,0.85
161,31,5.333,295,213,435,396,365,304,139,182,0.82
161,2,5.333,741,242,872,483,807,362,131,240,0.84
161,32,5.333,710,1,830,116,770,58,120,115,0.53
162,23,5.367,554,548,676,720,615,634,121,171,0.85
162,26,5.367,263,542,377,719,320,630,114,177,0.74
162,29,5.367,878,229,1029,498,954,363,150,268,0.84
162,31,5.367,309,211,450,394,379,303,140,183,0.82
162,2,5.367,743,241,875,483,809,362,132,241,0.84
162,32,5.367,727,1,855,126,791,63,128,124,0.71
163,23,5.4,579,551,699,719,639,635,120,168,0.84
163,26,5.4,277,541,391,718,334,630,113,177,0.57
163,29,5.4,888,227,1038,492,963,359,150,264,0.85
163,31,5.4,323,212,462,394,393,303,138,182,0.8
163,2,5.4,739,240,874,481,806,360,135,240,0.82
163,32,5.4,752,0,886,134,819,67,134,133,0.78
164,23,5.433,604,557,722,719,663,638,117,161,0.82
164,26,5.433,295,543,405,718,350,631,109,175,0.53
164,29,5.433,893,224,1044,490,968,357,150,265,0.83
164,31,5.433,346,219,480,396,413,308,134,176,0.78
164,2,5.433,739,244,877,482,808,363,137,238,0.8
164,32,5.433,776,0,919,146,847,73,143,145,0.75
165,23,5.467,630,565,744,719,687,642,114,154,0.84
165,26,5.467,301,551,407,719,354,635,105,168,0.47
165,29,5.467,904,224,1057,494,980,359,153,270,0.83
165,31,5.467,360,229,492,401,426,315,131,172,0.77
165,2,5.467,743,251,886,489,815,370,143,237,0.86
165,32,5.467,802,1,953,157,877,79,151,156,0.71
166,23,5.5,638,567,752,719,695,643,114,152,0.84
166,26,5.5,303,553,407,719,355,636,103,165,0.49
166,29,5.5,907,223,1061,495,984,359,154,272,0.83
166,31,5.5,365,232,496,403,430,318,131,170,0.77
166,2,5.5,744,254,891,492,817,373,147,237,0.86
166,32,5.5,812,1,965,162,889,81,152,161,0.7
167,23,5.533,656,573,769,720,713,646,112,146,0.83
167,29,5.533,919,228,1072,497,995,363,152,269,0.85
167,31,5.533,370,246,498,411,434,328,127,164,0.59
167,2,5.533,751,263,904,502,827,382,152,239,0.86
167,32,5.533,829,0,984,168,906,84,154,167,0.81
168,23,5.567,677,578,788,719,732,648,111,141,0.81
168,29,5.567,928,235,1078,500,1003,367,150,265,0.84
168,31,5.567,382,255,518,426,450,340,135,171,0.72
168,2,5.567,766,271,921,512,843,392,154,240,0.86
168,32,5.567,845,0,1003,177,924,89,158,176,0.8
169,23,5.6,700,585,808,719,754,652,108,134,0.81
169,29,5.6,932,244,1080,507,1006,375,147,262,0.84
169,31,5.6,396,267,536,439,466,353,140,172,0.7
169,2,5.6,775,278,934,524,854,401,158,245,0.86
169,32,5.6,863,0,1026,187,945,93,162,186,0.82
170,23,5.633,722,589,831,719,777,654,108,130,0.82
170,29,5.633,933,256,1079,516,1006,386,146,259,0.81
170,31,5.633,412,271,562,453,487,362,150,181,0.8
170,2,5.633,781,280,944,533,862,406,162,252,0.87
170,32,5.633,885,0,1050,195,967,97,164,194,0.8
171,23,5.667,742,593,851,719,797,656,109,126,0.81
171,29,5.667,941,266,1086,522,1013,394,145,255,0.82
171,31,5.667,429,274,587,463,508,369,157,189,0.8
171,2,5.667,787,278,954,539,871,409,167,261,0.85
171,32,5.667,903,1,1072,207,987,104,168,205,0.82
172,23,5.7,747,594,859,720,803,657,111,125,0.81
172,29,5.7,943,270,1089,525,1016,398,146,254,0.82
172,31,5.7,435,275,596,467,515,371,161,192,0.8
172,2,5.7,789,277,958,542,873,410,168,264,0.85
172,32,5.7,911,1,1078,211,994,106,167,210,0.82
172,43,5.7,0,262,51,516,25,389,51,254,0.81
173,23,5.733,762,597,873,719,818,658,111,121,0.8
173,29,5.733,951,277,1097,525,1024,401,146,248,0.83
173,31,5.733,444,273,609,470,526,371,164,197,0.85
173,2,5.733,796,275,965,541,881,408,168,265,0.84
173,32,5.733,923,1,1094,223,1009,112,171,221,0.83
173,43,5.733,12,263,65,519,38,391,53,256,0.84
174,23,5.767,778,600,891,719,835,659,112,118,0.8
174,29,5.767,961,282,1108,523,1035,402,146,241,0.82
174,31,5.767,457,274,619,471,538,372,162,197,0.82
174,2,5.767,809,272,979,540,894,406,169,267,0.85
174,32,5.767,939,1,1111,231,1025,116,172,229,0.82
174,43,5.767,26,262,81,520,54,391,55,257,0.88
175,23,5.8,795,603,909,719,852,661,113,115,0.78
175,29,5.8,974,281,1124,520,1049,401,150,239,0.84
175,31,5.8,468,276,626,472,547,374,158,196,0.81
175,2,5.8,825,266,988,523,906,394,163,256,0.83
175,32,5.8,957,2,1128,238,1042,120,171,236,0.82
175,43,5.8,38,255,98,519,68,387,59,263,0.84
176,23,5.833,814,605,930,719,872,662,115,113,0.76
176,29,5.833,982,279,1136,518,1059,399,154,239,0.86
176,31,5.833,478,277,635,476,556,377,156,198,0.83
176,2,5.833,838,256,1003,520,921,388,165,263,0.83
176,32,5.833,974,1,1146,246,1060,123,172,244,0.84
176,43,5.833,54,245,118,515,86,380,64,270,0.76
177,23,5.867,832,605,951,719,891,662,118,114,0.79
177,29,5.867,973,275,1133,516,1053,396,160,241,0.83
177,31,5.867,500,277,653,479,577,378,152,202,0.75
177,2,5.867,847,247,1010,513,929,380,162,265,0.81
177,32,5.867,994,0,1162,248,1078,124,168,247,0.86
177,43,5.867,67,233,137,510,102,371,69,276,0.79
177,44,5.867,12,333,75,607,44,470,63,274,0.86
178,23,5.9,837,605,958,719,898,662,121,114,0.79
178,29,5.9,968,274,1133,516,1050,395,165,241,0.83
178,31,5.9,510,277,658,480,584,379,147,203,0.75
178,2,5.9,852,243,1011,510,931,377,159,266,0.81
178,32,5.9,1003,0,1167,248,1085,124,164,248,0.86
178,43,5.9,70,228,144,508,107,368,73,279,0.79
178,44,5.9,14,332,77,603,46,468,63,271,0.86
178,45,5.9,510,307,579,464,545,386,68,156,0.47
179,23,5.933,850,599,979,719,915,659,128,120,0.8
179,29,5.933,968,269,1134,511,1051,390,166,242,0.81
179,31,5.933,512,275,659,485,586,380,147,209,0.82
179,2,5.933,860,235,1020,506,940,370,159,271,0.83
179,32,5.933,1017,0,1175,246,1096,123,158,246,0.85
179,43,5.933,84,218,161,499,123,358,77,280,0.83
179,44,5.933,23,328,89,603,56,466,65,274,0.85
180,23,5.967,867,588,1006,720,936,654,139,131,0.82
180,29,5.967,945,263,1113,505,1029,384,167,242,0.79
180,31,5.967,518,272,665,489,592,380,147,216,0.82
180,2,5.967,875,226,1035,495,955,361,159,268,0.75
180,32,5.967,1033,0,1186,242,1109,121,152,242,0.82
180,43,5.967,98,207,177,483,137,345,78,276,0.78
180,44,5.967,47,326,112,592,79,459,65,266,0.82
181,23,6.0,883,581,1029,720,956,650,146,138,0.84
181,29,6.0,938,256,1101,496,1019,376,162,239,0.77
181,31,6.0,523,269,670,489,596,379,147,220,0.84
181,2,6.0,888,222,1046,485,967,353,158,262,0.74
181,32,6.0,1047,0,1193,238,1120,119,146,237,0.82
181,43,6.0,114,198,194,470,154,334,80,272,0.79
181,44,6.0,75,324,142,584,109,454,66,259,0.82
182,23,6.033,901,574,1052,720,976,647,151,145,0.86
182,29,6.033,929,241,1094,493,1012,367,164,252,0.77
182,31,6.033,528,267,677,492,602,380,149,224,0.83
182,2,6.033,908,216,1064,470,986,343,156,254,0.36
182,32,6.033,1069,1,1212,233,1141,117,143,232,0.83
182,43,6.033,131,189,211,453,171,321,79,264,0.81
182,44,6.033,102,322,170,577,136,449,68,255,0.79
183,23,6.067,921,567,1076,720,998,643,155,152,0.86
183,31,6.067,535,265,685,492,610,379,150,227,0.85
183,2,6.067,911,224,1069,482,990,353,157,258,0.78
183,32,6.067,1077,1,1220,232,1149,116,142,230,0.85
183,43,6.067,148,179,229,435,189,307,80,255,0.75
183,44,6.067,131,320,201,567,166,443,70,246,0.83
184,23,6.1,929,565,1084,720,1007,642,155,154,0.86
184,31,6.1,537,264,688,492,613,378,150,228,0.85
184,2,6.1,913,227,1069,486,991,357,156,259,0.78
184,32,6.1,1080,1,1222,231,1151,116,142,230,0.85
184,43,6.1,153,175,235,428,194,302,82,252,0.75
184,44,6.1,139,320,213,564,176,442,74,243,0.83
185,23,6.133,943,562,1099,719,1021,640,156,157,0.85
185,31,6.133,547,262,696,488,621,375,149,226,0.85
185,2,6.133,919,234,1067,484,993,359,147,249,0.81
185,32,6.133,1083,1,1226,232,1154,116,142,231,0.86
185,43,6.133,164,167,250,421,207,294,86,253,0.82
185,44,6.133,165,319,244,557,204,438,78,237,0.74
186,23,6.167,962,560,1117,719,1039,639,155,159,0.86
186,31,6.167,562,261,708,482,635,372,146,221,0.85
186,2,6.167,925,236,1066,479,995,357,141,242,0.84
186,32,6.167,1085,0,1229,234,1157,117,143,233,0.86
186,43,6.167,171,157,268,425,220,291,97,268,0.84
186,44,6.167,184,318,271,549,227,434,86,231,0.85
186,46,6.167,974,192,1139,342,1057,267,165,150,0.58
186,29,6.167,979,194,1129,422,1054,308,150,227,0.62
187,23,6.2,978,557,1134,719,1056,638,155,162,0.82
187,31,6.2,574,257,722,478,648,367,147,220,0.85
187,2,6.2,919,237,1057,473,988,355,137,236,0.82
187,32,6.2,1091,0,1235,232,1163,116,143,231,0.84
187,43,6.2,179,146,285,421,232,284,106,275,0.83
187,44,6.2,200,320,295,538,247,429,95,218,0.87
187,46,6.2,968,178,1154,347,1061,262,185,169,0.62
188,23,6.233,991,553,1149,719,1070,636,158,165,0.84
188,31,6.233,584,251,735,477,660,364,151,226,0.85
188,2,6.233,903,233,1041,468,972,351,138,235,0.79
188,32,6.233,1099,0,1239,225,1169,113,140,225,0.85
188,43,6.233,188,138,296,401,242,270,107,263,0.78
188,44,6.233,214,313,317,524,266,419,103,210,0.89
188,46,6.233,953,162,1168,359,1060,261,214,196,0.85
188,48,6.233,22,538,261,719,142,628,238,180,0.76
189,23,6.267,999,546,1163,719,1081,633,164,173,0.83
189,31,6.267,588,245,745,481,666,363,156,236,0.82
189,2,6.267,879,227,1016,455,948,341,136,228,0.83
189,32,6.267,1103,0,1239,218,1171,109,136,218,0.86
189,43,6.267,194,129,305,383,250,256,111,253,0.82
189,44,6.267,220,303,333,515,277,409,113,212,0.88
189,48,6.267,12,530,262,718,137,624,249,188,0.84
189,29,6.267,985,146,1135,371,1060,258,150,224,0.85
190,23,6.3,1001,543,1168,719,1085,631,166,176,0.83
190,31,6.3,590,243,749,482,669,362,158,239,0.82
190,2,6.3,870,224,1007,450,938,337,136,225,0.83
190,32,6.3,1104,0,1238,215,1171,108,134,215,0.86
190,43,6.3,194,127,310,377,252,252,115,250,0.82
190,44,6.3,218,299,341,512,280,406,123,213,0.88
190,48,6.3,9,527,262,718,135,623,252,191,0.84
190,29,6.3,985,140,1136,364,1061,252,151,223,0.85
191,23,6.333,1002,536,1175,719,1089,628,173,183,0.83
191,31,6.333,601,239,757,479,679,359,155,240,0.85
191,2,6.333,841,217,982,443,911,330,141,226,0.83
191,32,6.333,1101,0,1233,209,1167,105,131,209,0.84
191,43,6.333,191,121,312,369,251,245,121,247,0.85
191,44,6.333,221,293,353,505,287,399,131,211,0.87
191,48,6.333,0,520,249,717,124,619,249,197,0.85
191,46,6.333,906,131,1185,392,1046,262,279,261,0.86
192,23,6.367,994,526,1175,719,1084,623,181,193,0.81
192,31,6.367,611,236,761,474,686,355,150,237,0.82
192,2,6.367,807,208,955,438,881,323,147,230,0.84
192,32,6.367,1094,0,1223,203,1158,101,128,203,0.83
192,43,6.367,180,110,310,361,245,235,129,251,0.83
192,44,6.367,225,289,363,497,294,393,138,208,0.85
192,48,6.367,0,511,233,717,116,614,233,205,0.77
192,29,6.367,961,123,1125,358,1043,240,163,234,0.86
193,23,6.4,987,515,1176,719,1081,617,189,204,0.85
193,31,6.4,612,236,758,468,685,352,146,232,0.82
193,2,6.4,778,199,931,434,854,316,153,235,0.84
193,32,6.4,1081,0,1207,200,1144,100,126,199,0.8
193,43,6.4,174,96,311,357,243,226,137,260,0.85
193,44,6.4,240,284,386,490,313,387,145,206,0.84
193,48,6.4,0,510,209,718,104,614,209,207,0.69
193,29,6.4,947,120,1115,352,1031,236,168,231,0.88
194,23,6.433,980,504,1176,719,1078,612,196,214,0.86
194,31,6.433,609,236,753,465,681,350,144,229,0.84
194,2,6.433,753,192,909,429,831,310,155,236,0.84
194,32,6.433,1060,0,1183,197,1122,99,122,196,0.77
194,43,6.433,165,84,308,353,237,219,142,268,0.86
194,44,6.433,250,269,408,484,329,377,157,215,0.85
194,48,6.433,0,513,203,718,101,615,203,205,0.53
194,29,6.433,933,116,1107,345,1020,230,174,229,0.86
195,23,6.467,974,495,1176,718,1075,607,201,223,0.84
195,31,6.467,601,235,746,465,674,350,144,229,0.82
195,2,6.467,731,188,885,423,808,305,154,235,0.83
195,32,6.467,1039,0,1159,196,1099,98,120,196,0.82
195,43,6.467,153,74,297,349,225,212,143,275,0.85
195,44,6.467,275,259,437,479,356,369,161,219,0.79
195,29,6.467,919,112,1100,341,1009,227,180,228,0.88
196,23,6.5,973,492,1174,718,1073,605,201,226,0.84
196,31,6.5,599,235,743,464,671,350,144,228,0.82
196,2,6.5,723,186,876,421,800,304,153,234,0.83
196,32,6.5,1032,0,1150,196,1091,98,118,195,0.82
196,43,6.5,149,71,292,348,220,210,143,277,0.85
196,44,6.5,283,256,448,477,365,367,164,221,0.8
196,29,6.5,912,112,1098,340,1005,226,186,228,0.88
197,23,6.533,964,485,1168,718,1066,601,204,233,0.85
197,31,6.533,594,234,742,464,668,349,147,229,0.81
197,2,6.533,708,184,859,419,783,301,150,234,0.8
197,32,6.533,1012,0,1133,203,1073,101,121,202,0.72
197,43,6.533,142,67,282,345,212,206,140,278,0.82
197,44,6.533,274,254,443,475,359,365,168,220,0.82
197,29,6.533,901,107,1091,335,996,221,189,227,0.86
198,23,6.567,955,479,1161,719,1058,599,205,239,0.87
198,31,6.567,581,233,738,471,659,352,157,237,0.82
198,2,6.567,688,179,836,415,762,297,147,236,0.74
198,32,6.567,986,1,1108,201,1047,101,121,200,0.75
198,43,6.567,128,64,266,344,197,204,137,280,0.78
198,44,6.567,274,260,441,472,357,366,167,211,0.84
198,29,6.567,883,102,1077,332,980,217,194,230,0.86
198,49,6.567,1215,268,1267,468,1241,368,51,199,0.74
199,23,6.6,948,476,1150,717,1049,596,202,241,0.87
199,31,6.6,580,233,744,479,662,356,163,246,0.82
199,2,6.6,667,174,809,405,738,289,141,231,0.6
199,32,6.6,966,1,1086,196,1026,99,119,195,0.79
199,43,6.6,116,64,248,339,182,202,132,275,0.8
199,44,6.6,260,260,434,473,347,367,174,213,0.87
199,29,6.6,865,97,1056,324,960,210,191,226,0.86
199,49,6.6,1164,269,1220,473,1192,371,55,204,0.86
200,23,6.633,941,474,1140,717,1041,596,198,243,0.88
200,31,6.633,588,237,748,483,668,360,160,245,0.72
200,2,6.633,653,166,769,353,711,260,115,186,0.42
200,32,6.633,944,1,1058,183,1001,92,114,181,0.81
200,43,6.633,100,65,228,336,164,201,128,271,0.79
200,44,6.633,248,257,432,476,340,366,183,219,0.87
200,29,6.633,854,90,1046,317,950,204,192,227,0.87
200,49,6.633,1115,269,1175,477,1145,373,60,207,0.86
201,23,6.667,938,472,1131,718,1035,595,193,245,0.86
201,31,6.667,581,230,744,482,663,356,162,251,0.84
201,2,6.667,612,156,745,371,679,264,133,214,0.36
201,32,6.667,928,1,1040,176,984,88,111,175,0.83
201,43,6.667,83,64,207,331,145,197,123,267,0.8
201,44,6.667,237,254,427,478,332,366,190,223,0.88
201,29,6.667,846,88,1029,305,938,196,183,217,0.85
201,49,6.667,1076,271,1141,476,1109,374,64,204,0.86
202,23,6.7,939,472,1126,718,1032,595,187,246,0.86
202,31,6.7,580,228,742,481,661,355,162,253,0.84
202,2,6.7,598,153,739,382,668,268,140,229,0.33
202,32,6.7,923,1,1034,174,978,87,110,173,0.83
202,43,6.7,78,63,198,330,138,196,120,266,0.8
202,44,6.7,231,253,426,479,329,366,194,225,0.88
202,29,6.7,843,87,1024,301,933,194,180,213,0.85
202,49,6.7,1063,272,1133,475,1098,374,69,203,0.86
202,53,6.7,782,245,822,291,802,268,40,45,0.66
203,23,6.733,938,476,1116,719,1027,597,177,243,0.85
203,31,6.733,573,237,730,479,651,358,156,241,0.83
203,2,6.733,579,148,724,384,652,266,144,235,0.79
203,32,6.733,905,1,1019,178,962,90,113,177,0.83
203,43,6.733,62,61,179,325,120,193,117,263,0.8
203,44,6.733,232,252,426,477,329,365,194,224,0.83
203,29,6.733,850,86,1025,297,937,191,175,211,0.83
203,49,6.733,1036,275,1109,476,1073,375,73,201,0.85
204,23,6.767,934,483,1100,719,1017,601,166,236,0.86
204,31,6.767,565,242,718,472,641,357,153,230,0.85
204,2,6.767,552,141,703,389,628,265,150,247,0.83
204,32,6.767,883,1,1001,184,942,93,117,182,0.84
204,43,6.767,44,55,160,319,102,187,115,264,0.78
204,44,6.767,243,250,433,472,338,361,189,222,0.85
204,29,6.767,860,85,1026,290,943,188,166,205,0.82
204,49,6.767,1030,280,1102,469,1066,375,71,189,0.61
205,23,6.8,921,489,1081,719,1001,604,159,230,0.83
205,31,6.8,558,239,717,474,637,357,158,235,0.79
205,2,6.8,526,133,682,390,604,261,155,257,0.83
205,32,6.8,860,1,980,186,920,93,119,185,0.85
205,43,6.8,26,45,139,311,82,178,113,265,0.8
205,44,6.8,251,246,436,466,343,356,184,219,0.84
205,29,6.8,851,82,1011,281,931,181,159,199,0.77
205,49,6.8,986,279,1066,475,1026,377,80,195,0.81
206,23,6.833,903,491,1060,719,982,605,156,227,0.84
206,31,6.833,563,236,726,481,645,359,162,244,0.8
206,2,6.833,501,127,657,388,579,258,156,260,0.82
206,32,6.833,834,1,954,186,894,93,119,185,0.83
206,43,6.833,3,36,115,303,59,170,112,266,0.81
206,44,6.833,253,241,433,463,343,352,180,221,0.83
206,29,6.833,824,80,987,279,906,180,163,199,0.78
206,49,6.833,952,279,1040,480,996,379,87,201,0.83
207,23,6.867,877,488,1039,719,958,604,161,231,0.87
207,31,6.867,538,237,706,486,622,362,168,248,0.82
207,2,6.867,473,124,630,385,552,254,156,261,0.84
207,32,6.867,804,1,923,183,864,92,118,182,0.81
207,43,6.867,0,29,93,293,46,161,93,264,0.8
207,44,6.867,238,235,418,464,328,350,179,229,0.84
207,29,6.867,802,76,970,277,886,176,167,200,0.84
207,49,6.867,911,280,1006,483,959,381,94,202,0.83
208,23,6.9,867,487,1032,719,950,603,164,232,0.86
208,31,6.9,527,238,699,489,613,363,172,250,0.82
208,2,6.9,464,122,620,384,542,253,156,261,0.84
208,32,6.9,794,1,913,182,853,91,119,181,0.81
208,43,6.9,0,26,84,290,42,158,84,263,0.8
208,44,6.9,235,233,410,465,322,349,174,231,0.84
208,29,6.9,793,75,964,276,879,175,171,200,0.84
208,49,6.9,896,280,996,484,946,382,100,203,0.83
209,23,6.933,842,486,1013,719,928,603,171,233,0.85
209,31,6.933,526,243,696,491,611,367,169,247,0.85
209,2,6.933,442,121,598,382,520,251,156,261,0.85
209,32,6.933,770,1,887,178,829,89,117,177,0.78
209,43,6.933,0,21,69,284,34,153,69,262,0.68
209,44,6.933,215,232,388,471,302,351,173,238,0.81
209,29,6.933,780,73,953,271,866,172,173,197,0.85
209,49,6.933,861,282,968,486,914,384,106,203,0.85
210,23,6.967,822,485,1000,719,911,602,178,234,0.87
210,31,6.967,517,249,680,488,599,368,162,239,0.86
210,2,6.967,411,118,568,380,489,249,156,262,0.85
210,32,6.967,736,0,853,175,795,88,116,174,0.8
210,44,6.967,188,233,357,474,272,353,169,241,0.83
210,29,6.967,761,71,937,265,849,168,175,194,0.81
210,49,6.967,814,284,925,485,870,384,111,201,0.86
211,23,7.0,800,489,982,718,891,603,182,229,0.87
211,31,7.0,491,254,648,485,570,370,157,230,0.86
211,2,7.0,371,114,528,378,449,246,156,263,0.85
211,32,7.0,693,0,811,175,752,88,118,175,0.83
211,44,7.0,156,233,324,479,240,356,168,246,0.84
211,29,7.0,758,71,934,262,846,166,176,190,0.79
211,49,7.0,760,285,875,484,818,384,115,198,0.87
212,23,7.033,778,493,962,718,870,606,183,224,0.87
212,31,7.033,454,257,612,482,533,369,158,224,0.88
212,2,7.033,321,110,478,374,399,242,156,264,0.84
212,32,7.033,640,0,760,176,700,88,119,175,0.84
212,44,7.033,118,236,281,481,199,359,162,244,0.82
212,29,7.033,741,73,914,261,827,167,172,187,0.81
212,49,7.033,706,288,825,482,765,385,118,193,0.85
213,23,7.067,749,496,933,717,841,607,184,220,0.86
213,31,7.067,411,257,574,481,492,369,163,224,0.87
213,2,7.067,262,107,419,371,340,239,156,263,0.83
213,32,7.067,579,0,700,176,640,88,120,175,0.85
213,44,7.067,74,239,230,481,152,360,156,242,0.8
213,29,7.067,724,75,872,233,798,154,147,158,0.81
213,49,7.067,651,288,770,472,711,380,118,184,0.83
214,23,7.1,738,497,924,717,831,607,186,219,0.86
214,31,7.1,394,257,563,481,478,369,169,223,0.87
214,2,7.1,241,106,397,370,319,238,156,263,0.83
214,32,7.1,557,0,679,175,618,88,121,175,0.85
214,44,7.1,59,240,210,481,134,361,151,241,0.8
214,29,7.1,719,76,857,223,788,149,138,146,0.81
214,49,7.1,631,287,753,469,692,378,121,181,0.83
214,58,7.1,898,145,934,193,916,169,35,48,0.7
214,59,7.1,1203,352,1279,597,1241,474,75,244,0.63
214,60,7.1,1201,350,1280,720,1240,535,78,369,0.52
215,23,7.133,683,496,879,717,781,607,196,221,0.78
215,31,7.133,360,254,535,479,448,367,175,225,0.87
215,2,7.133,191,105,347,369,269,237,155,264,0.82
215,32,7.133,509,0,630,174,569,87,121,173,0.85
215,44,7.133,25,239,172,481,98,360,146,242,0.83
215,29,7.133,666,75,818,235,742,155,151,159,0.79
215,49,7.133,576,284,709,477,642,381,133,192,0.85
216,23,7.167,620,491,828,718,724,605,207,227,0.85
216,31,7.167,324,254,504,480,414,367,180,225,0.87
216,2,7.167,129,104,282,366,206,235,153,262,0.83
216,32,7.167,450,0,574,173,512,86,123,172,0.85
216,44,7.167,0,235,126,478,63,357,126,242,0.82
216,29,7.167,614,71,780,247,697,159,165,176,0.73
216,49,7.167,518,282,661,484,590,383,142,201,0.87
217,23,7.2,561,486,776,719,668,602,214,232,0.89
217,31,7.2,289,254,473,477,381,365,183,222,0.8
217,2,7.2,63,103,214,362,138,233,151,259,0.82
217,32,7.2,389,0,514,170,451,85,125,170,0.84
217,29,7.2,545,65,725,255,635,160,179,189,0.83
217,49,7.2,463,279,613,491,538,385,150,211,0.84
217,62,7.2,884,333,1093,580,988,456,208,247,0.81
218,23,7.233,511,480,728,716,620,598,217,235,0.86
218,31,7.233,270,252,450,470,360,361,179,218,0.82
218,2,7.233,5,99,153,358,79,229,148,258,0.82
218,32,7.233,328,2,454,165,391,83,125,163,0.84
218,29,7.233,486,61,673,257,580,159,186,195,0.87
218,49,7.233,410,277,562,492,486,385,151,214,0.87
218,62,7.233,810,334,1015,578,913,456,205,243,0.81
219,23,7.267,480,477,691,708,586,593,210,231,0.83
219,31,7.267,237,247,415,464,326,355,178,216,0.75
219,2,7.267,0,97,108,348,54,223,108,250,0.81
219,32,7.267,272,1,399,161,335,81,126,159,0.86
219,29,7.267,446,58,634,254,540,156,187,196,0.87
219,49,7.267,356,279,505,490,431,384,149,210,0.87
219,62,7.267,735,338,932,572,833,455,196,234,0.8
220,23,7.3,470,476,677,705,574,591,207,229,0.83
220,31,7.3,226,246,404,461,315,354,177,215,0.75
220,2,7.3,0,97,91,345,45,221,91,247,0.81
220,32,7.3,251,1,381,159,316,80,129,158,0.86
220,29,7.3,431,57,619,253,525,155,188,196,0.87
220,49,7.3,337,280,485,489,411,384,148,208,0.87
220,62,7.3,715,339,908,571,812,455,193,231,0.8
220,67,7.3,798,165,831,211,814,188,33,46,0.71
221,23,7.333,466,475,653,682,560,578,187,207,0.84
221,31,7.333,198,240,373,448,286,344,174,208,0.8
221,32,7.333,217,2,345,152,281,77,127,150,0.84
221,29,7.333,414,53,598,245,506,149,183,192,0.84
221,49,7.333,298,277,445,482,372,379,146,204,0.87
221,62,7.333,667,338,846,553,757,445,179,215,0.77
222,23,7.367,451,471,633,674,542,573,182,202,0.85
222,31,7.367,162,232,341,443,252,338,179,210,0.67
222,32,7.367,186,2,311,142,249,72,125,140,0.36
222,29,7.367,387,48,565,238,476,143,178,190,0.84
222,49,7.367,266,271,404,462,335,366,137,191,0.7
222,62,7.367,610,329,787,544,699,436,176,215,0.83
223,23,7.4,425,464,610,676,518,570,185,211,0.76
223,31,7.4,138,219,319,425,228,322,180,206,0.82
223,29,7.4,360,40,533,227,447,134,172,187,0.83
223,49,7.4,231,258,373,456,302,357,141,198,0.7
223,62,7.4,554,319,733,540,644,430,178,221,0.85
224,23,7.433,385,454,580,679,483,567,195,224,0.85
224,31,7.433,108,204,292,408,200,306,184,203,0.74
224,29,7.433,330,31,498,216,414,124,167,184,0.84
224,49,7.433,209,247,350,450,279,348,140,202,0.63
224,62,7.433,506,307,674,518,590,413,168,210,0.81
225,23,7.467,363,445,556,673,460,559,193,228,0.79
225,31,7.467,98,208,290,421,194,315,191,213,0.66
225,29,7.467,296,18,469,211,383,114,172,193,0.83
225,49,7.467,188,233,326,438,257,336,138,205,0.6
225,62,7.467,447,292,609,496,528,394,161,204,0.81
226,23,7.5,355,441,545,671,450,556,190,230,0.78
226,31,7.5,95,209,289,426,192,317,194,217,0.64
226,29,7.5,285,13,457,209,371,111,172,195,0.83
226,49,7.5,182,228,317,434,250,331,134,206,0.61
226,62,7.5,430,286,590,491,510,389,160,205,0.8
227,23,7.533,347,428,535,665,441,546,188,236,0.82
227,29,7.533,264,5,433,199,348,102,169,193,0.81
227,49,7.533,143,187,291,418,217,302,148,231,0.5
227,62,7.533,396,278,546,471,471,374,149,193,0.67
227,80,7.533,748,212,777,257,763,235,29,45,0.53
228,23,7.567,336,414,520,653,428,534,184,239,0.73
228,29,7.567,253,2,411,188,332,95,158,185,0.71
228,49,7.567,129,212,252,404,190,308,122,192,0.67
228,62,7.567,332,266,498,483,415,375,165,216,0.81
228,80,7.567,745,219,774,264,759,241,28,44,0.63
228,82,7.567,988,580,1134,719,1061,650,145,139,0.79
229,23,7.6,329,397,480,591,405,494,150,193,0.78
229,29,7.6,238,0,382,171,310,85,143,171,0.82
229,62,7.6,278,251,449,477,363,364,170,226,0.83
229,80,7.6,744,231,770,271,757,251,25,39,0.61
229,82,7.6,951,563,1112,719,1031,641,161,156,0.85
229,31,7.6,57,135,280,392,168,264,222,257,0.82
230,23,7.633,304,373,473,595,389,484,168,221,0.85
230,29,7.633,230,0,355,151,292,75,125,151,0.77
230,62,7.633,231,233,400,460,316,347,168,226,0.82
230,80,7.633,746,246,767,277,757,261,21,31,0.65
230,82,7.633,906,543,1087,719,997,631,180,176,0.84
230,31,7.633,40,148,232,370,136,259,191,222,0.75
231,23,7.667,275,352,449,580,362,466,174,227,0.82
231,29,7.667,225,0,330,124,277,62,105,124,0.69
231,62,7.667,188,215,353,440,271,328,164,224,0.84
231,80,7.667,748,260,769,292,758,276,21,31,0.64
231,82,7.667,868,525,1065,719,967,622,196,194,0.83
231,31,7.667,21,143,203,352,112,248,181,209,0.8
231,90,7.667,150,82,248,293,199,188,97,211,0.67
231,91,7.667,101,305,129,344,115,324,28,38,0.67
232,23,7.7,264,344,441,574,352,459,176,230,0.82
232,29,7.7,224,0,325,116,274,58,100,116,0.69
232,62,7.7,175,209,337,433,256,321,161,223,0.83
232,80,7.7,748,263,769,295,759,279,21,31,0.65
232,82,7.7,856,518,1056,719,956,619,200,201,0.83
232,31,7.7,15,142,194,347,105,244,178,204,0.8
232,90,7.7,146,79,244,290,195,185,98,211,0.67
232,91,7.7,102,306,129,342,116,324,26,36,0.66
232,49,7.7,25,222,110,349,67,285,84,127,0.4
233,23,7.733,250,328,429,558,339,443,178,230,0.87
233,62,7.733,145,194,305,418,225,306,159,223,0.83
233,80,7.733,746,272,775,315,760,294,29,42,0.73
233,82,7.733,832,506,1040,719,936,613,207,212,0.84
233,31,7.733,0,129,176,333,88,231,176,203,0.84
233,90,7.733,119,46,234,292,176,169,114,246,0.74
234,23,7.767,226,307,414,544,320,425,188,236,0.87
234,62,7.767,108,178,266,402,187,290,158,223,0.79
234,80,7.767,747,288,779,336,763,312,32,48,0.75
234,82,7.767,806,494,1020,718,913,606,213,224,0.84
234,31,7.767,0,111,168,323,84,217,168,211,0.84
234,90,7.767,122,41,228,270,175,155,106,228,0.73
235,23,7.8,217,292,411,532,314,412,194,240,0.87
235,62,7.8,72,160,235,395,153,278,162,235,0.8
235,80,7.8,752,310,785,359,769,335,33,49,0.72
235,82,7.8,783,481,1003,719,893,600,219,237,0.83
235,31,7.8,0,97,162,311,81,204,162,214,0.78
235,90,7.8,135,34,232,240,184,137,97,205,0.79
236,23,7.833,211,279,412,526,312,403,201,247,0.83
236,62,7.833,43,148,207,387,125,267,163,239,0.83
236,82,7.833,766,471,988,719,877,595,222,247,0.85
236,31,7.833,0,84,149,299,74,192,149,214,0.82
236,90,7.833,142,24,235,214,188,119,92,190,0.82
237,23,7.867,216,267,421,521,318,394,205,254,0.84
237,62,7.867,22,138,183,379,103,258,161,241,0.81
237,82,7.867,751,458,969,709,860,584,218,250,0.78
237,31,7.867,0,70,145,284,72,177,145,213,0.82
237,90,7.867,146,7,245,201,195,104,98,193,0.81
238,23,7.9,218,263,425,520,322,391,206,256,0.84
238,62,7.9,17,134,175,376,96,255,158,241,0.81
238,82,7.9,748,454,960,705,854,579,211,251,0.78
238,31,7.9,0,65,142,279,71,172,142,213,0.82
238,90,7.9,144,2,249,197,197,99,104,194,0.81
238,95,7.9,225,386,276,432,250,409,50,45,0.52
238,96,7.9,782,383,816,427,799,405,33,43,0.49
239,23,7.933,231,254,434,511,332,383,203,256,0.79
239,62,7.933,1,129,155,370,78,250,154,240,0.81
239,82,7.933,740,445,944,695,842,570,204,249,0.76
239,31,7.933,0,57,141,270,70,163,141,213,0.82
239,90,7.933,155,0,268,199,211,99,112,199,0.87
240,23,7.967,253,241,450,497,352,369,197,256,0.83
240,62,7.967,0,118,132,364,66,241,132,245,0.84
240,82,7.967,726,434,925,684,825,559,199,249,0.66
240,31,7.967,0,44,142,256,71,150,142,212,0.78
240,90,7.967,156,0,275,194,215,97,119,194,0.79
241,23,8.0,260,227,456,485,358,356,195,258,0.85
241,62,8.0,0,109,113,352,56,231,113,242,0.87
241,82,8.0,719,424,912,673,815,549,193,248,0.66
241,31,8.0,11,32,165,245,88,138,153,213,0.75
241,90,8.0,159,0,280,188,220,94,121,188,0.74
242,23,8.033,264,213,458,471,361,342,194,257,0.88
242,62,8.033,0,105,98,339,49,222,98,234,0.81
242,82,8.033,708,414,895,658,801,536,186,243,0.68
242,31,8.033,12,22,166,241,89,132,153,219,0.75
242,90,8.033,177,0,294,181,235,90,116,181,0.77
243,23,8.067,270,202,461,457,366,330,191,254,0.87
243,62,8.067,0,95,85,316,42,205,85,220,0.82
243,82,8.067,718,408,893,644,805,526,175,236,0.79
243,31,8.067,20,13,170,235,95,124,149,221,0.8
243,90,8.067,184,0,296,173,240,86,111,173,0.69
244,23,8.1,273,199,462,452,368,325,189,252,0.86
244,62,8.1,0,92,81,309,40,200,81,216,0.83
244,82,8.1,724,406,892,639,808,522,167,232,0.79
244,31,8.1,25,11,170,233,97,122,144,221,0.8
244,90,8.1,187,0,297,170,242,85,109,170,0.69
244,100,8.1,368,409,420,448,394,428,52,38,0.33
245,23,8.133,276,191,468,448,372,320,192,257,0.87
245,62,8.133,0,84,78,325,39,204,78,240,0.72
245,82,8.133,738,397,878,597,808,497,139,199,0.82
245,31,8.133,32,8,169,226,100,117,137,217,0.8
245,90,8.133,200,0,305,163,253,81,105,163,0.78
246,23,8.167,292,185,485,446,388,316,192,261,0.74
246,82,8.167,735,390,873,593,804,491,137,203,0.79
246,31,8.167,35,3,169,218,102,110,134,214,0.8
246,90,8.167,212,0,316,155,264,77,103,155,0.47
247,23,8.2,317,181,505,446,411,313,188,265,0.79
247,82,8.2,732,382,865,585,799,483,133,202,0.81
247,31,8.2,43,0,168,204,105,102,125,204,0.8
247,90,8.2,217,0,323,149,270,74,105,149,0.8
248,23,8.233,335,174,517,441,426,307,181,267,0.76
248,82,8.233,714,377,870,624,792,501,155,246,0.59
248,31,8.233,24,0,153,205,89,102,129,205,0.81
248,90,8.233,225,0,335,144,280,72,110,144,0.84
248,102,8.233,771,473,909,671,840,572,137,197,0.55
249,23,8.267,344,168,517,432,431,300,173,263,0.82
249,82,8.267,707,375,868,639,787,507,161,264,0.79
249,31,8.267,25,0,156,202,90,101,130,202,0.83
249,90,8.267,233,0,348,140,291,70,115,140,0.84
249,102,8.267,759,464,888,649,824,557,128,185,0.58
250,23,8.3,349,166,516,428,432,297,167,262,0.82
250,82,8.3,705,374,866,646,786,510,161,272,0.79
250,31,8.3,25,0,157,201,91,100,132,201,0.83
250,90,8.3,234,0,355,139,294,69,121,139,0.84
250,102,8.3,755,461,881,642,818,551,125,181,0.58
251,23,8.333,346,158,513,421,430,290,166,262,0.85
251,82,8.333,696,374,854,647,775,511,158,272,0.77
251,31,8.333,37,0,167,196,102,98,129,196,0.76
251,90,8.333,241,0,365,137,303,68,123,136,0.83
251,102,8.333,725,409,883,642,804,525,158,232,0.34
252,23,8.367,348,146,517,413,433,279,169,266,0.86
252,82,8.367,693,373,836,622,765,497,142,249,0.76
252,31,8.367,40,0,169,193,105,96,129,193,0.8
252,90,8.367,253,0,373,133,313,67,120,132,0.77
253,23,8.4,345,136,516,398,430,267,170,262,0.87
253,82,8.4,690,370,821,598,756,484,131,227,0.78
253,31,8.4,40,0,165,186,103,93,124,186,0.79
253,90,8.4,265,0,379,126,322,63,114,126,0.72
254,23,8.433,347,122,524,385,435,254,177,263,0.84
254,82,8.433,681,362,808,582,744,472,127,219,0.51
254,31,8.433,54,0,170,178,112,89,116,178,0.7
254,90,8.433,284,0,391,116,338,58,106,116,0.47
255,23,8.467,360,115,539,375,450,245,179,259,0.86
255,82,8.467,669,356,790,566,729,461,120,209,0.57
255,31,8.467,70,0,180,166,125,83,110,166,0.67
255,90,8.467,296,0,397,104,346,52,100,104,0.69
255,102,8.467,682,342,826,559,754,450,143,216,0.52
256,23,8.5,363,112,546,371,455,242,182,258,0.86
256,82,8.5,664,355,782,560,723,458,117,205,0.56
256,31,8.5,74,0,183,162,129,81,108,162,0.67
256,90,8.5,298,1,399,100,349,51,101,99,0.67
256,102,8.5,681,339,819,551,750,445,137,212,0.52
257,23,8.533,371,108,555,366,463,237,184,257,0.84
257,82,8.533,654,329,781,551,717,440,126,222,0.41
257,31,8.533,73,0,180,155,127,77,107,155,0.81
257,90,8.533,305,0,412,98,358,49,107,97,0.69
258,23,8.567,387,103,566,361,476,232,179,257,0.78
258,82,8.567,627,307,759,547,693,427,132,240,0.75
258,31,8.567,72,0,181,149,127,74,108,149,0.84
258,90,8.567,312,0,425,94,368,47,113,94,0.7
258,102,8.567,664,330,796,538,730,434,131,208,0.72
259,23,8.6,396,98,570,352,483,225,173,253,0.84
259,82,8.6,604,290,737,537,671,413,132,247,0.8
259,31,8.6,72,0,183,145,127,72,111,145,0.82
259,90,8.6,327,0,444,90,386,45,116,90,0.62
259,102,8.6,658,318,786,525,722,422,127,207,0.77
260,23,8.633,410,91,578,344,494,218,168,252,0.84
260,82,8.633,592,281,716,514,654,397,123,232,0.83
260,31,8.633,73,0,187,142,130,71,114,142,0.83
260,102,8.633,649,308,773,513,711,411,123,204,0.8
261,23,8.667,422,84,585,337,504,210,162,252,0.86
261,82,8.667,589,275,697,475,643,375,108,200,0.81
261,31,8.667,78,0,195,143,137,71,116,143,0.77
261,102,8.667,640,302,762,506,701,404,122,204,0.79
262,23,8.7,428,81,586,334,507,208,158,252,0.86
262,82,8.7,589,273,692,462,640,367,102,188,0.81
262,31,8.7,80,0,198,143,139,71,118,143,0.77
262,102,8.7,637,300,758,504,697,402,121,204,0.8
263,23,8.733,432,81,589,334,511,207,156,252,0.83
263,82,8.733,572,275,692,494,632,385,120,219,0.81
263,31,8.733,88,0,205,143,147,71,117,143,0.74
263,102,8.733,627,299,752,512,690,405,124,212,0.77
264,23,8.767,445,83,602,333,524,208,157,250,0.85
264,82,8.767,554,276,684,507,619,391,129,231,0.81
264,31,8.767,93,0,210,144,151,72,116,144,0.78
264,102,8.767,620,299,745,514,683,407,124,214,0.62
265,23,8.8,457,87,612,329,535,208,155,242,0.86
265,82,8.8,543,279,677,513,610,396,134,234,0.82
265,31,8.8,97,0,215,147,156,73,117,147,0.82
265,102,8.8,623,304,740,508,681,406,117,203,0.55
266,23,8.833,476,95,629,329,553,212,153,233,0.84
266,82,8.833,537,282,675,520,606,401,137,238,0.8
266,31,8.833,102,0,226,155,164,78,124,155,0.79
266,102,8.833,631,314,731,487,681,400,99,173,0.59
267,23,8.867,494,105,650,338,572,221,155,232,0.82
267,82,8.867,535,297,664,519,600,408,128,222,0.66
267,31,8.867,108,0,238,162,173,81,129,161,0.84
267,102,8.867,637,323,725,475,681,399,87,151,0.62
267,90,8.867,414,0,550,96,482,48,135,95,0.62
268,23,8.9,500,109,659,342,580,225,159,232,0.82
268,82,8.9,536,303,661,519,598,411,124,216,0.67
268,31,8.9,111,0,243,164,177,82,132,164,0.85
268,102,8.9,638,327,723,472,681,400,84,145,0.62
268,90,8.9,414,0,560,96,487,48,145,96,0.61
269,23,8.933,500,110,662,347,581,228,162,237,0.78
269,31,8.933,108,0,248,169,178,84,139,169,0.76
269,102,8.933,636,334,727,491,682,412,90,157,0.52
269,90,8.933,421,1,577,100,499,51,156,99,0.35
270,23,8.967,511,111,667,343,589,227,155,231,0.85
270,31,8.967,118,0,261,174,189,87,142,174,0.73
270,102,8.967,639,344,727,497,683,420,88,153,0.68
271,23,9.0,528,108,680,340,604,224,151,232,0.86
271,31,9.0,133,0,273,174,203,87,139,173,0.7
271,102,9.0,651,352,730,489,691,420,78,137,0.47
271,90,9.0,463,1,614,102,539,51,150,101,0.42
272,23,9.033,551,102,701,334,626,218,149,232,0.86
272,31,9.033,152,0,287,173,219,87,135,173,0.78
272,90,9.033,501,0,643,100,572,50,142,100,0.53
273,23,9.067,566,96,715,329,641,212,149,233,0.85
273,31,9.067,168,0,298,171,233,85,130,170,0.72
273,90,9.067,528,0,661,95,595,48,133,94,0.6
274,23,9.1,572,93,720,327,646,210,148,233,0.85
274,31,9.1,175,0,302,170,238,85,126,169,0.72
274,90,9.1,537,0,668,94,602,47,130,93,0.62
274,112,9.1,526,359,748,496,637,428,221,136,0.45
275,23,9.133,580,94,726,325,653,210,146,230,0.84
275,31,9.133,190,0,313,166,252,83,123,166,0.77
275,90,9.133,547,1,682,97,615,49,134,96,0.68
276,23,9.167,589,94,733,323,661,208,143,229,0.87
276,31,9.167,199,0,324,169,261,85,125,169,0.74
276,90,9.167,557,0,703,101,630,51,146,100,0.77
277,23,9.2,599,95,737,324,668,209,138,228,0.85
277,31,9.2,206,0,336,174,271,87,129,174,0.78
278,23,9.233,607,96,741,324,674,210,133,228,0.83
278,31,9.233,216,0,349,177,282,89,132,176,0.76
278,114,9.233,1253,264,1274,404,1264,334,21,140,0.6
278,90,9.233,592,1,756,113,674,57,164,112,0.34
279,23,9.267,614,89,748,323,681,206,133,234,0.85
279,31,9.267,228,0,364,186,296,93,136,185,0.74
280,23,9.3,618,86,749,323,684,205,131,236,0.85
280,31,9.3,234,0,370,189,302,95,135,188,0.75
280,116,9.3,1233,270,1279,517,1256,393,45,246,0.53
280,117,9.3,672,288,714,321,693,304,41,33,0.47
281,23,9.333,624,81,754,322,689,201,130,241,0.84
281,31,9.333,244,1,375,187,309,94,131,186,0.76
281,116,9.333,1233,273,1269,461,1251,367,35,188,0.51
281,90,9.333,663,0,817,113,740,56,154,112,0.51
282,23,9.367,633,80,762,320,698,200,129,239,0.86
282,31,9.367,256,1,381,182,319,91,125,181,0.77
282,116,9.367,1224,278,1256,437,1240,358,31,159,0.58
282,90,9.367,693,0,836,107,765,53,142,106,0.46
282,112,9.367,545,355,791,508,668,431,246,153,0.32
283,23,9.4,638,76,768,319,703,198,129,243,0.85
283,31,9.4,262,0,383,178,323,89,120,177,0.79
284,23,9.433,638,73,767,316,703,194,128,243,0.86
284,31,9.433,268,1,387,177,327,89,118,176,0.77
284,90,9.433,716,1,860,107,788,54,144,105,0.73
284,121,9.433,1164,286,1271,510,1218,398,106,223,0.86
285,23,9.467,634,67,761,311,698,189,126,243,0.85
285,31,9.467,273,1,392,180,333,90,119,179,0.81
285,90,9.467,723,1,882,115,803,58,159,114,0.71
285,112,9.467,541,348,777,492,659,420,236,143,0.73
285,121,9.467,1149,295,1251,507,1200,401,101,212,0.82
286,23,9.5,633,66,758,309,696,188,124,242,0.85
286,31,9.5,275,1,394,181,334,91,119,180,0.81
286,90,9.5,721,0,892,121,807,60,170,120,0.69
286,112,9.5,541,346,777,489,659,418,235,143,0.7
286,121,9.5,1143,298,1243,506,1193,402,100,208,0.82
287,23,9.533,632,63,755,305,693,184,122,241,0.83
287,31,9.533,274,1,394,182,334,92,119,181,0.74
287,90,9.533,733,0,901,116,817,58,167,116,0.62
287,121,9.533,1120,305,1220,511,1170,408,100,206,0.82
288,23,9.567,631,63,752,303,691,183,121,240,0.85
288,31,9.567,272,0,394,185,333,93,121,184,0.71
288,121,9.567,1093,311,1194,516,1143,413,100,204,0.81
289,23,9.6,630,62,748,298,689,180,118,236,0.85
289,31,9.6,269,0,389,184,329,92,119,183,0.79
289,121,9.6,1063,316,1168,527,1116,422,104,210,0.82
289,112,9.6,500,341,732,482,616,411,231,141,0.36
290,23,9.633,631,62,747,294,689,178,116,231,0.86
290,31,9.633,270,0,385,180,328,90,115,180,0.79
290,121,9.633,1035,318,1140,529,1087,423,105,210,0.85
290,112,9.633,490,365,689,482,590,423,198,116,0.49
291,23,9.667,627,61,745,292,686,177,117,230,0.86
291,31,9.667,273,0,384,176,329,88,110,176,0.78
291,121,9.667,1010,317,1112,519,1061,418,102,201,0.83
292,23,9.7,625,61,744,291,685,176,118,229,0.86
292,31,9.7,275,0,383,175,329,88,108,174,0.77
292,121,9.7,1002,317,1104,515,1053,416,102,197,0.82
293,23,9.733,619,60,740,291,680,175,121,230,0.87
293,31,9.733,275,0,383,173,329,86,107,172,0.79
293,121,9.733,981,315,1079,502,1030,409,97,186,0.79
294,23,9.767,611,60,736,292,674,176,125,232,0.86
294,31,9.767,275,0,384,170,329,85,109,170,0.81
294,121,9.767,956,311,1056,500,1006,406,100,188,0.78
294,90,9.767,795,0,951,109,873,55,156,108,0.58
295,23,9.8,606,62,735,295,671,178,128,233,0.86
295,31,9.8,273,0,387,173,330,86,114,172,0.83
295,121,9.8,931,309,1033,501,982,405,101,191,0.67
295,90,9.8,799,0,963,110,881,55,163,109,0.55
296,23,9.833,603,65,733,298,668,181,129,233,0.83
296,31,9.833,281,0,400,173,340,86,118,173,0.81
296,121,9.833,910,309,1016,509,963,409,105,199,0.81
297,23,9.867,608,68,735,299,671,184,127,230,0.83
297,31,9.867,287,0,412,179,350,89,125,179,0.77
297,121,9.867,895,313,1004,518,949,415,108,205,0.82
298,23,9.9,610,70,735,300,672,185,125,229,0.83
298,31,9.9,288,0,418,181,353,90,129,181,0.76
298,121,9.9,890,314,1000,522,945,418,109,207,0.82
299,23,9.933,617,72,739,301,678,186,122,229,0.84
299,31,9.933,300,1,434,190,367,95,133,188,0.81
299,121,9.933,884,315,995,524,940,420,110,208,0.81
300,23,9.967,623,73,743,303,683,188,120,230,0.87
300,31,9.967,319,1,453,194,386,97,134,193,0.83
300,121,9.967,876,317,987,524,931,421,110,207,0.83
300,90,9.967,866,0,1054,129,960,64,188,129,0.54
301,23,10.0,628,74,748,307,688,191,119,233,0.85
301,31,10.0,339,0,472,197,405,98,132,196,0.84
301,121,10.0,867,318,979,525,923,421,112,206,0.84
301,90,10.0,900,0,1078,129,989,65,177,129,0.68
302,23,10.033,634,75,755,315,694,195,120,240,0.83
302,31,10.033,355,0,485,197,420,98,129,197,0.82
302,121,10.033,855,319,970,523,913,421,114,204,0.83
302,90,10.033,931,1,1099,129,1015,65,168,128,0.75
303,23,10.067,639,77,761,323,700,200,121,246,0.83
303,31,10.067,368,0,500,206,434,103,132,206,0.84
303,121,10.067,845,319,962,521,904,420,117,202,0.86
303,90,10.067,952,0,1121,133,1037,67,169,133,0.8
304,23,10.1,642,77,763,326,702,202,120,249,0.83
304,31,10.1,374,0,505,209,439,104,131,209,0.84
304,121,10.1,841,319,961,520,901,420,120,201,0.86
304,90,10.1,961,0,1128,135,1045,67,166,134,0.8
305,23,10.133,649,80,769,330,709,205,119,249,0.85
305,31,10.133,384,0,516,215,450,107,131,215,0.82
305,121,10.133,833,317,961,524,897,421,128,207,0.88
305,90,10.133,974,0,1147,142,1060,71,173,141,0.84
306,23,10.167,657,87,775,334,716,210,117,246,0.85
306,31,10.167,394,2,527,221,460,111,132,219,0.81
306,121,10.167,822,318,951,520,886,419,128,201,0.85
306,90,10.167,987,0,1171,150,1079,75,183,150,0.8
307,23,10.2,663,94,780,339,722,216,117,245,0.85
307,31,10.2,412,7,543,227,477,117,130,219,0.8
307,121,10.2,803,318,940,529,871,424,136,211,0.83
307,90,10.2,1003,1,1193,158,1098,79,190,157,0.82
308,23,10.233,669,104,783,343,726,224,114,238,0.85
308,31,10.233,428,12,558,238,493,125,130,225,0.81
308,121,10.233,788,318,919,518,854,418,131,199,0.83
308,90,10.233,1022,0,1222,168,1122,84,200,167,0.85
309,23,10.267,673,110,785,345,729,227,111,234,0.85
309,31,10.267,447,18,574,242,511,130,126,223,0.83
309,121,10.267,763,317,897,524,830,420,134,206,0.78
309,90,10.267,1046,0,1245,173,1146,86,198,172,0.83
310,23,10.3,674,113,785,345,730,229,110,232,0.86
310,31,10.3,455,20,579,244,517,132,123,223,0.83
310,121,10.3,755,317,889,525,822,421,134,208,0.78
310,90,10.3,1058,0,1252,174,1155,87,194,174,0.83
310,133,10.3,0,155,41,416,20,286,41,260,0.69
